name,family,provenance,ic_1,icir_1,ic_5,ic_20,ic_decay,n_days,ls_sharpe,fold_sharpes,pval,dsr_prob,turnover,pval_pass,verdict,reason,max_corr,delta_sharpe,delta_maxdd,improves_book
mom_28,momentum,Qlib Alpha158,-0.015800049381107024,-2.2346416647854275,-0.005175525146987072,0.0036560511621341256,-0.005175525146987072,1935,0.826271312183926,"[2.0371015350526753, 0.9219904886214262, 0.8623626666005157, -1.408541049777526]",0.025440883199139952,0.2672161492557976,0.021865479672124107,True,REJECTED,negative OOS fold,,,,False
base_xsmom_28,baseline,in-repo alphas.py,-0.015800049381107024,-2.2346416647854275,-0.005175525146987072,0.0036560511621341256,-0.005175525146987072,1935,0.826271312183926,"[2.0371015350526753, 0.9219904886214262, 0.8623626666005157, -1.408541049777526]",0.025440883199139952,0.2672161492557976,0.021865479672124107,True,REJECTED,negative OOS fold,,,,False
anchorcorr_63,beta,Jansen ML4T,-0.04744194942123285,-7.7916391404635945,-0.0456614385026455,-0.05631247137914346,-0.0456614385026455,1901,0.7795010038109892,"[2.4492519666667363, -1.4777879697565608, 0.9487341379989629, -0.07280232001087796]",6.661338147750939e-15,0.2274441171213895,0.018223501259871943,True,REJECTED,negative OOS fold,,,,False
lowbeta_63,beta,Jansen ML4T,0.04479744273218991,5.282816944994579,0.0840197825012277,0.13110298784786678,0.0840197825012277,1901,0.66762950305597,"[1.8937628221343454, 0.5703494407918911, -0.8968593123060765, 0.7590848650210411]",1.2721248765501514e-07,0.16071075442493354,0.02273269128139941,True,REJECTED,negative OOS fold,,,,False
px_over_ma_200,trendvalue,in-repo alphas.py,0.004509743531694554,0.5552524905565968,0.029195043137927045,0.05740669852413013,0.029195043137927045,1764,0.6138499727198385,"[1.3560170785560341, -0.7757531250431605, 1.6464111342013485, 0.013691739456935708]",0.5787219701270003,0.13461227051292712,0.018765967213405448,False,REJECTED,failed FDR,,,,False
base_trend_200,baseline,in-repo alphas.py,0.004509743531694554,0.5552524905565968,0.029195043137927045,0.05740669852413013,0.029195043137927045,1764,0.6138499727198385,"[1.3560170785560341, -0.7757531250431605, 1.6464111342013485, 0.013691739456935708]",0.5787219701270003,0.13461227051292712,0.018765967213405448,False,REJECTED,failed FDR,,,,False
mom_vadj_21,momentum,Jansen ML4T,-0.01567015144255003,-2.454500812142967,-0.0035509197861020663,0.006450080906847258,-0.0035509197861020663,1942,0.5414351902187948,"[0.9306184714136057, 0.12814125090183257, 1.1985418930123777, -0.4146012476976153]",0.014108034584551676,0.12947764528656946,0.021033484108515764,True,REJECTED,negative OOS fold,,,,False
anchorcorr_21,beta,Jansen ML4T,-0.046120895061022626,-7.838649922670827,-0.03923860194068987,-0.05055610005283302,-0.03923860194068987,1943,0.5411162604936601,"[1.4254768763357397, -1.5290763790040098, 0.8409828735656845, 0.5781457676919454]",4.440892098500626e-15,0.09469403857135122,0.019236004920887364,True,REJECTED,negative OOS fold,,,,False
mom_vadj_28,momentum,Jansen ML4T,-0.01418328358423292,-2.2134994474179526,-0.007921920791019266,0.00366451607464326,-0.007921920791019266,1935,0.5256030572328767,"[1.5086671110491359, 0.31420990869023, 0.3714763641823528, -0.6893471069038595]",0.026863231291408995,0.09102411295180912,0.020041031266835634,True,REJECTED,negative OOS fold,,,,False
kbar_closepos_21,kbar,Qlib Alpha158,0.018764497957657222,2.9892572118539062,0.033154425831374686,0.05001861727965224,0.033154425831374686,1943,0.520314745741185,"[0.9074016273283297, 0.18034389772983814, 0.669796121296956, -0.14923569381101257]",0.002796566027149172,0.0899617686957882,0.01883416493497278,True,REJECTED,negative OOS fold,,,,False
mom_126,momentum,Qlib Alpha158,0.007524658934187689,0.9687983930451369,0.027858024825042984,0.052767862886937134,0.027858024825042984,1837,0.5073532369073693,"[1.3381946608676034, -0.9246335057817796, 1.4441897230111096, -0.1175161496172867]",0.3326457885337579,0.08780535822735835,0.018826113348975635,False,REJECTED,failed FDR,,,,False
spread_ols_63,pairs,Financial-Models notebooks (concept-mined),0.0070838111020206426,1.114102579032595,0.02451373865775986,0.028106682564409975,0.02451373865775986,1839,0.5009767935212078,"[1.5239062451532888, -1.372934548914944, 0.9781982567957166, -0.07955967508058594]",0.26523518236545085,0.08447325412577622,0.016861436679345906,False,REJECTED,failed FDR,,,,False
tsrank_close_63,tsrank,Qlib Alpha158,-0.013654407718151853,-2.079491993076552,0.0019681540129463347,0.015470703750936962,0.0019681540129463347,1900,0.4715518251656914,"[2.098472364003084, 0.46237540202900834, -0.8046698263997785, -0.7457856620414852]",0.037572152982731755,0.0724243672897843,0.021053795863366323,True,REJECTED,negative OOS fold,,,,False
px_over_ma_63,trendvalue,in-repo alphas.py,-0.01948500883558457,-2.7004094895823427,-0.00549646158442418,0.009268659017964562,-0.00549646158442418,1901,0.4581610057730765,"[1.5177400080473902, -0.14062444893338943, 0.6899425991227496, -1.0116885755070764]",0.006925417794072519,0.06927980497197783,0.02175899521541771,True,REJECTED,negative OOS fold,,,,False
macd_gap,oscillator,Jansen ML4T,-0.014126267372580416,-1.9859435271379762,-0.0005784360590561663,0.009554677127259506,-0.0005784360590561663,1962,0.43537221798992204,"[1.2185393247193204, 0.19614652637051858, 0.7849072381269602, -1.2401742743730022]",0.047039594856234324,0.06360939008461525,0.022717844649004712,True,REJECTED,negative OOS fold,,,,False
mom_252,momentum,Qlib Alpha158,0.015940798610271867,1.9745919640053904,0.03981858871281586,0.07518399596706077,0.03981858871281586,1711,0.42214061862889524,"[0.8914033098759209, -0.454978407008006, 0.6414902339143819, 0.42751901668477266]",0.04831447174491599,0.06211169375406017,0.016567460624320365,True,REJECTED,negative OOS fold,,,,False
mom_vadj_126,momentum,Jansen ML4T,-0.0009198952659255914,-0.1299060600211952,0.019996221937669433,0.0470482608015313,0.019996221937669433,1837,0.3803791027539924,"[0.9183542635222657, -0.9735235908280933, 1.5628065636618198, -0.4766879769308693]",0.8966407497166893,0.0489140952789166,0.017439941798573597,False,REJECTED,failed FDR,,,,False
px_over_ma_126,trendvalue,in-repo alphas.py,-0.0063699216714646,-0.8363277207981853,0.011997072785593034,0.03837567674673227,0.011997072785593034,1838,0.32408343835539954,"[1.1086324164709795, -0.6529603897617833, 0.8035234227578842, -0.43197599650949337]",0.4029705623579942,0.03820457740681399,0.019939829313304094,False,REJECTED,failed FDR,,,,False
mom_21,momentum,Qlib Alpha158,-0.018438747527567176,-2.615437589386219,-0.006874142296635899,0.0065854857534938475,-0.006874142296635899,1942,0.2811931487101765,"[0.5477371677469032, -0.38460771062826055, 0.7427050984934245, -0.3299389444537406]",0.008911320536222123,0.03774591621152429,0.022678631023383133,True,REJECTED,negative OOS fold,,,,False
tsrank_close_126,tsrank,Qlib Alpha158,-0.011624124570873303,-1.70765842948425,0.012434595487815983,0.029806533782699887,0.012434595487815983,1837,0.32281574745842234,"[0.981783506702592, -0.16959864658526014, 0.5874063208477975, -0.32312511225459134]",0.08769973985356772,0.035978019413404005,0.018824252287685903,False,REJECTED,failed FDR,,,,False
mom_vadj_10,momentum,Jansen ML4T,-0.02796851845539096,-4.453917202085037,-0.010064049522145051,0.010128985246918437,-0.010064049522145051,1953,0.2686531505606048,"[0.9233887104817875, -0.331341049469529, 0.29248088337674216, -0.6653642141941408]",8.431762720251257e-06,0.035201457252001245,0.021542307756847155,True,REJECTED,negative OOS fold,,,,False
mom_42,momentum,Qlib Alpha158,-0.013885111078728255,-1.9294199025406567,-0.006900210580138584,-0.0017848253447046005,-0.006900210580138584,1921,0.3071715409234285,"[1.027474503566587, 0.09366869222753187, 0.7817885714352318, -1.3415618185135005]",0.05367875488960361,0.03410451157679684,0.021797361977540734,True,REJECTED,negative OOS fold,,,,False
mom_vadj_42,momentum,Jansen ML4T,-0.013136947854405624,-1.9790469512274416,-0.008532232637129319,-0.004752397066236844,-0.008532232637129319,1921,0.29778545154551445,"[0.9453676086404896, 0.6595516674221679, 0.09358955380147335, -0.7724285956613305]",0.04781072032111977,0.03196677767418088,0.020330889587163642,True,REJECTED,negative OOS fold,,,,False
mom_vadj_252,momentum,Jansen ML4T,0.012332116670054719,1.6258644577387857,0.03789133546428653,0.07531062253694705,0.03789133546428653,1711,0.27488896655803796,"[0.5600974815353138, -0.49178270122779577, 0.43680173829910596, 0.3203730259294118]",0.10397849250593239,0.02975310922330099,0.015701517391966766,False,REJECTED,failed FDR,,,,False
px_over_ma_21,trendvalue,in-repo alphas.py,-0.02963214456239994,-4.291380009013061,-0.004825883385496125,0.0188468577888268,-0.004825883385496125,1943,0.17547177332834957,"[0.19801230588054392, 0.28995580014441197, 0.7868030018935412, -0.49731568828600564]",1.7756614435926465e-05,0.019897431248505237,0.02285918156839614,True,REJECTED,negative OOS fold,,,,False
mom_63,momentum,Qlib Alpha158,-0.010136976834374988,-1.370152442647757,-0.0006185624944311741,0.00032505238150355,-0.0006185624944311741,1900,0.19943031532131567,"[0.9491240920509064, -0.710429807217821, 0.6890318805618352, -0.9063006643167902]",0.17063932020879302,0.019419899709950283,0.020834170908006606,False,REJECTED,failed FDR,,,,False
pvcorr_21,volume,Qlib Alpha158,-0.0336825139711751,-5.615926542520728,-0.04080713798752232,-0.05147840088067544,-0.04080713798752232,1943,0.19986027140672763,"[1.2902340796667031, -1.4559119224968808, 0.6317317394528621, -0.9189415977053136]",1.9551171348552998e-08,0.01850496573380378,0.019651189473489167,True,REJECTED,negative OOS fold,,,,False
lowbeta_21,beta,Jansen ML4T,0.034785190361393624,4.302636300227719,0.06738873876783316,0.1069938770186663,0.06738873876783316,1943,0.182317730625614,"[0.1649854602349349, -0.009888902193706806, -0.1775616052208292, 0.6794970068470024]",1.6877777777590808e-05,0.017155905089003665,0.022654515125448704,True,REJECTED,negative OOS fold,,,,False
kbar_body_21,kbar,Qlib Alpha158,0.0034957397207212755,0.5404666229989333,0.02355558139386129,0.05931447038879082,0.02355558139386129,1943,0.12852042681866516,"[0.595058437342959, -0.6414266277192381, 0.25124417420034967, -0.5854464460879384]",0.5888752729628395,0.014686309310153745,0.021131176256348624,False,REJECTED,failed FDR,,,,False
spread_ols_126,pairs,Financial-Models notebooks (concept-mined),0.009803070045189786,1.4385339878790726,0.02008550888687625,0.03276122144011448,0.02008550888687625,1713,0.15865942072397254,"[-0.6325733406647918, 0.4476147331286015, -0.13296129861810765, 0.8290049198540561]",0.15028260107074187,0.01458518352083249,0.014571682513427546,False,REJECTED,failed FDR,,,,False
mom_vadj_63,momentum,Jansen ML4T,-0.014461651810366443,-2.1212885946569897,-0.0066364760664671075,-0.008960646175226327,-0.0066364760664671075,1900,0.08955476210782067,"[0.6071475260814848, -0.6724268013294799, 0.6402832986391465, -0.9600364751633906]",0.033897523583462874,0.009940975479133196,0.019489973873830613,True,REJECTED,negative OOS fold,,,,False
px_over_ma_10,trendvalue,in-repo alphas.py,-0.03845138632027564,-5.539905265584922,-0.02107651714197732,0.020120107179625594,-0.02107651714197732,1954,0.014820089690857968,"[0.67671237962362, -0.2304613336817511, -0.3033774130266056, -0.8651408194579838]",3.02635314586297e-08,0.006299022194661608,0.023463274281416625,True,REJECTED,negative OOS fold,,,,False
tsrank_close_21,tsrank,Qlib Alpha158,-0.01557746420072653,-2.502883598983185,-0.0004918595899802817,0.0071499561041774825,-0.0004918595899802817,1932,-0.014633117278319624,"[1.01729182970327, -0.40950675741655745, -0.9937871162939401, -0.5661338994583908]",0.01231860511372962,0.005061014045806389,0.02344660072727751,True,REJECTED,negative OOS fold,,,,False
kbar_body_5,kbar,Qlib Alpha158,-0.027529372092286862,-4.395304022442292,-0.005306357970432375,0.023665438496388837,-0.005306357970432375,1959,-0.050060169512189924,"[1.215250966707566, -1.6930669042347837, -0.15479766008194892, -0.5913266157644358]",1.1061782427601585e-05,0.004041201806686545,0.021246432327624416,True,REJECTED,negative OOS fold,,,,False
kbar_closepos_5,kbar,Qlib Alpha158,-0.00944927814984809,-1.5421622314013446,0.008887093432302363,0.03371609573459428,0.008887093432302363,1959,-0.07016140574312416,"[1.6707259969138286, -1.563505693159884, 0.11582500604201265, -1.9859444377689748]",0.12303417548797713,0.0035210872950453553,0.019450720952701547,False,REJECTED,failed FDR,,,,False
mom_10,momentum,Qlib Alpha158,-0.03826939666007897,-5.454774247324484,-0.019115076676740846,0.012883553163953277,-0.019115076676740846,1953,-0.0891674749457101,"[0.736838858188554, -0.8821570038402402, -0.6394886381257138, -1.09158873371703]",4.9035101978844864e-08,0.002570155259209228,0.02275735027829558,True,REJECTED,negative OOS fold,,,,False
tsrank_close_10,tsrank,Qlib Alpha158,-0.022003793384894204,-3.504799013958056,-0.012400234630041761,0.0058485527001826765,-0.012400234630041761,1924,-0.12361342236249166,"[1.2429346028568298, -0.3601492844239673, -1.9235964893281905, -0.13187861313328897]",0.00045695210897456207,0.0024835622339061114,0.02421124759172548,True,REJECTED,negative OOS fold,,,,False
pvcorr_63,volume,Qlib Alpha158,-0.03566495814935057,-6.037969418746404,-0.044804826192366004,-0.06138596114728852,-0.044804826192366004,1901,-0.22109123238284997,"[1.589014489630418, -0.3199009382431769, -0.5164776490156695, -2.6139757493739784]",1.5606562708825322e-09,0.0012330958207674159,0.018138296974529646,True,REJECTED,negative OOS fold,,,,False
lowvol_21,volatility,Jansen ML4T,0.07114525635668616,8.524110761018651,0.08816117892016775,0.12377828123204496,0.08816117892016775,1943,-0.26806752815552,"[-0.2410383792885568, 0.5573242791538185, -1.7559409394704537, 0.1921545676126094]",0.0,0.0011907923100835105,0.024733232982147964,True,REJECTED,negative OOS fold,,,,False
pvcorr_10,volume,Qlib Alpha158,-0.03879529516497583,-6.531799360178864,-0.04850547331970792,-0.04806488886641872,-0.04850547331970792,1954,-0.2971251831468916,"[1.1412220096502996, -1.2693267070287122, -0.3814399990822706, -2.1571651304031794]",6.498424021117444e-11,0.0007273137042474453,0.01987254750357678,True,REJECTED,negative OOS fold,,,,False
kbar_downshadow_21,kbar,Qlib Alpha158,0.0176927508495963,3.0109026266863173,0.013892081828212466,0.0023315412742676077,0.013892081828212466,1943,-0.507495517264636,"[0.00784303641806915, -0.7178377094282926, -0.9709235434559041, -1.3531958185249096]",0.002604723668404585,0.0006066936417394864,0.01818478231711628,True,REJECTED,negative OOS fold,,,,False
maxret_63,lottery,Jansen ML4T,0.05728681486762291,7.983823763027278,0.07245211127799518,0.10669006220420324,0.07245211127799518,1901,-0.33993423308444,"[-1.9162953275013839, 1.3700174328326544, -1.0039103881748626, 0.7823350687434354]",1.3322676295501878e-15,0.00041569926074136454,0.02044206627912928,True,REJECTED,negative OOS fold,,,,False
lowvol_63,volatility,Jansen ML4T,0.07117882983461694,8.399947263718591,0.09236162167202079,0.1362189774930781,0.09236162167202079,1901,-0.39170019874079903,"[-1.921607909287826, 0.9529980133164506, -1.1003033682456662, 0.9577878059512679]",0.0,0.00026381222337040766,0.022988520537127383,True,REJECTED,negative OOS fold,,,,False
maxret_21,lottery,Jansen ML4T,0.058482681617618215,8.01268348759043,0.06708872011393278,0.08671633524025264,0.06708872011393278,1943,-0.6293027690723043,"[-0.42574696127524014, 0.2570468776264133, -2.2944638974546883, -0.3637449746734065]",1.1102230246251565e-15,0.00019028221419853386,0.022915144917045507,True,REJECTED,negative OOS fold,,,,False
volchg_5,volume,Qlib Alpha158,-0.028813792497360022,-4.863924705893369,-0.007423283042330137,0.00620104997984204,-0.007423283042330137,1958,-0.7415284689529393,"[1.3705365347982812, -3.0638976944838854, -2.75900849281982, -2.759336961628617]",1.1508070580923402e-06,0.0001680525521559062,0.02042699319588884,True,REJECTED,negative OOS fold,,,,False
doji_avoid_21,kbar,family lesson,-0.0009195950699579066,-0.15688244002719848,0.008821563815551815,0.014110670748934137,0.008821563815551815,1943,-0.45092522314953726,"[-0.13241435351031328, -0.3593544321279171, -0.992364693174421, -0.5942322711519701]",0.8753374993089862,0.00016535339797801862,0.017167352625269496,False,REJECTED,failed FDR,,,,False
tsmom_sign_28,trendvalue,in-repo alphas.py,-0.005963643181545156,-0.8870116422021915,0.009074257927126328,-0.00929918888622517,0.009074257927126328,1593,-0.5089758383035273,"[-0.6838339249135663, -0.6574381534561643, 0.8250151432611222, -1.2407185550304145]",0.37507263249401346,6.656769601404156e-05,0.020113443089479408,False,REJECTED,failed FDR,,,,False
base_tsmom_28,baseline,in-repo alphas.py,-0.005963643181545156,-0.8870116422021915,0.009074257927126328,-0.00929918888622517,0.009074257927126328,1593,-0.5089758383035273,"[-0.6838339249135663, -0.6574381534561643, 0.8250151432611222, -1.2407185550304145]",0.37507263249401346,6.656769601404156e-05,0.020113443089479408,False,REJECTED,failed FDR,,,,False
mom_5,momentum,Qlib Alpha158,-0.04501230595767257,-6.443600853293033,-0.023242524248825714,0.01308647520456173,-0.023242524248825714,1958,-0.42606422687981943,"[0.7677282264895268, -1.5818077857646216, -0.7707113527915366, -2.16169003041743]",1.166715613010183e-10,6.642509957860421e-05,0.0230961638011517,True,REJECTED,negative OOS fold,,,,False
volz_10,volume,Qlib Alpha158,-0.028140627312214134,-4.748597134688028,-0.015098783437664227,0.008384681115539474,-0.015098783437664227,1954,-0.9706675117597692,"[0.5975383052143848, -1.998717625168558, -2.9413717041319534, -2.664521044122419]",2.0483250442460132e-06,6.238461127167083e-05,0.020566454776477724,True,REJECTED,negative OOS fold,,,,False
volofvol_21,volatility,Financial-Models notebooks (concept-mined),0.05359370190416173,7.432099684752406,0.06367137476493778,0.08533400775622435,0.06367137476493778,1939,-0.5543917852042219,"[-1.0830691426175172, 0.6718754528485994, -1.6174351147081572, 0.03378033383717592]",1.0702549957386509e-13,5.112372805948784e-05,0.02158965670439242,True,REJECTED,negative OOS fold,,,,False
mom_vadj_5,momentum,Jansen ML4T,-0.034848831834958495,-5.579356667953663,-0.0129238293906522,0.010714877639290132,-0.0129238293906522,1958,-0.4387406349089381,"[0.23958990999269672, -2.2308184028246925, -0.3858935674543056, -0.9852250806678216]",2.4140977661346597e-08,5.081955018781947e-05,0.021168160221430254,True,REJECTED,negative OOS fold,,,,False
ddown_21,drawdown,TikTok lead (validated as candidate),-0.009610116133994252,-1.3209485916788781,-0.04194417999483382,-0.07413481589892323,-0.04194417999483382,1939,-1.088730205163984,"[-0.17173610855729748, -2.4571725104048454, -0.6704229486351847, -2.695284430081224]",0.18651850605717923,4.9629689929719945e-05,0.022193453280258794,False,REJECTED,failed FDR,,,,False
kbar_upshadow_1,kbar,Qlib Alpha158,0.015056297749461931,2.677654114120298,0.008607586541231511,0.009447035726551341,0.008607586541231511,1963,-1.0983309001415493,"[0.2029942670398664, -2.961774644398148, -1.5426259213556681, -3.9092186386510095]",0.0074139736165306225,4.48286114659302e-05,0.01976075418792048,True,REJECTED,negative OOS fold,,,,False
volz_63,volume,Qlib Alpha158,-0.04335451836785102,-7.170758260770205,-0.01699135607663038,0.008712149349907525,-0.01699135607663038,1901,-0.7105125067380541,"[0.9578978991296418, -2.4165958932811002, -0.9812988617187726, -1.706719458840241]",7.458478279431802e-13,2.8202222149331657e-05,0.01892677060480182,True,REJECTED,negative OOS fold,,,,False
volofvol_63,volatility,Financial-Models notebooks (concept-mined),0.057194188605412415,7.883476769059877,0.074066929649188,0.1003319162670587,0.074066929649188,1897,-0.6202380841206769,"[-1.6680506743099548, 0.41033893331523896, -1.9451400267857397, 0.9737671678787543]",3.1086244689504383e-15,2.6696207139464967e-05,0.019889642991019255,True,REJECTED,negative OOS fold,,,,False
garchgap_21,volatility,Financial-Models notebooks (concept-mined),-0.004834327821209981,-0.8180728909342699,-0.0060935344166570165,-0.005197825715725733,-0.0060935344166570165,1943,-0.4812411254261763,"[-0.9849029457048774, -0.7668817316079951, -0.08706129663647222, 0.1990716126354697]",0.4133155672631972,2.660311316016184e-05,0.0196961256710842,False,REJECTED,failed FDR,,,,False
kbar_upshadow_21,kbar,Qlib Alpha158,0.016362135718667126,2.857090366057947,0.019751226844661872,0.016707103589265356,0.019751226844661872,1943,-0.75480334881107,"[-1.4163035493068687, 0.279530995961759, -1.0214042680593762, -0.7115233012789277]",0.004275440973562583,1.4032774108552193e-05,0.017617816174745244,True,REJECTED,negative OOS fold,,,,False
rev_5,reversal,Qlib Alpha158,0.04501230595767257,6.443600853293033,0.023242524248825714,-0.01308647520456173,0.023242524248825714,1958,-1.364114222266498,"[-1.828338205823543, -1.5849377339665212, -1.7074215674745035, -0.6641970086386122]",1.166715613010183e-10,1.3078517517528532e-05,0.022681219154111802,True,REJECTED,negative OOS fold,,,,False
rev_3,reversal,Qlib Alpha158,0.03572859814437846,5.0290818880468615,0.02155136752993814,-0.015900721920190895,0.02155136752993814,1960,-1.457013073406294,"[-1.2159107549590145, -3.043319069253144, -2.8440524240626277, -0.5523470433088925]",4.928338999121706e-07,6.4019495431555384e-06,0.023052422174396014,True,REJECTED,negative OOS fold,,,,False
stoch_14,oscillator,Jansen ML4T,0.006633321811982859,1.041074529921551,-0.010893895362714153,-0.029182263353527752,-0.010893895362714153,1950,-1.998298962356983,"[-1.4107827472688539, -3.0203839821624574, -3.1037948542912543, -2.6143564206739134]",0.29784095943154765,4.891536031115251e-06,0.020396107905689558,False,REJECTED,failed FDR,,,,False
rsi_dip_2,oscillator,in-repo alphas.py,0.02933879343927771,4.708620319966334,0.011516503504194267,-0.01843717754424714,0.011516503504194267,1962,-1.8992863472113037,"[-1.6429254794499613, -2.4535420955019687, -3.5890270002383207, -1.9228060234395672]",2.4939913254584667e-06,2.679636894376003e-06,0.021277659600953153,True,REJECTED,negative OOS fold,,,,False
base_rsi2,baseline,in-repo alphas.py,0.02933879343927771,4.708620319966334,0.011516503504194267,-0.01843717754424714,0.011516503504194267,1962,-1.8992863472113037,"[-1.6429254794499613, -2.4535420955019687, -3.5890270002383207, -1.9228060234395672]",2.4939913254584667e-06,2.679636894376003e-06,0.021277659600953153,True,REJECTED,negative OOS fold,,,,False
rev_2,reversal,Qlib Alpha158,0.02950525521259516,4.2554061755438095,0.022032480585078926,-0.015082146265728411,0.022032480585078926,1961,-1.6692787101632265,"[-1.2334199651312927, -2.9900116313879295, -3.0663081658120355, -1.203788274568076]",2.0866985536827087e-05,2.5775076463729896e-06,0.022462877597282084,True,REJECTED,negative OOS fold,,,,False
vixfix_22,capitulation,TikTok lead (validated as candidate),-0.03794267654230256,-4.982107630925281,-0.06294202285692595,-0.09334543107572091,-0.06294202285692595,1942,-0.9982676467487683,"[0.18270674163442302, -1.6772633624487894, -1.1170241827261853, -2.3042390888177517]",6.289543272863796e-07,1.380305497122869e-06,0.022469649362414718,True,REJECTED,negative OOS fold,,,,False
vixfix_z_22,capitulation,TikTok lead (validated as candidate),-0.03794267654230256,-4.982107630925281,-0.06294202285692595,-0.09334543107572091,-0.06294202285692595,1942,-0.9982676467487683,"[0.18270674163442302, -1.6772633624487894, -1.1170241827261853, -2.3042390888177517]",6.289543272863796e-07,1.380305497122869e-06,0.022469649362414718,True,REJECTED,negative OOS fold,,,,False
kurt_63,volatility,Jansen ML4T,0.010111454196282918,1.702866600914554,0.007260471425626772,-0.003310763414500816,0.007260471425626772,1901,-0.863278351012936,"[-2.7183636006149596, 0.7853123978466772, -0.5111425395246172, -0.14200975610449398]",0.08859303560506948,1.1630724514599677e-06,0.016846535488234896,False,REJECTED,failed FDR,,,,False
streak,lottery,Jansen ML4T,0.022822211286660045,3.7307408716340076,0.009572347202510953,-0.018215822003108343,0.009572347202510953,1904,-0.9209044594907618,"[0.42853697531400553, -2.3263912487559697, -2.456466207419676, -1.1416008339707993]",0.0001909175131085128,9.886201385311821e-07,0.026082032612158357,True,REJECTED,negative OOS fold,,,,False
rev_1,reversal,Qlib Alpha158,0.02188212008627384,3.1609525384810557,0.016511494723862388,-0.01519213972481406,0.016511494723862388,1962,-2.121461383594703,"[-1.3419550419681265, -3.3631572182869744, -3.2286929391547523, -3.367386775131687]",0.0015725411948266377,8.713779102720309e-07,0.02256029401759181,True,REJECTED,negative OOS fold,,,,False
volz_126,volume,Qlib Alpha158,-0.05343663107632914,-8.598676702164829,-0.030048816450796205,-0.018240520906179634,-0.030048816450796205,1838,-1.0786415503586304,"[-0.44181062474312094, -1.40054718520734, -1.3732104949345467, -1.2827385184817681]",0.0,6.499174328711277e-07,0.01786500738361352,True,REJECTED,negative OOS fold,,,,False
vixfix_66,capitulation,TikTok lead (validated as candidate),-0.0336050295396411,-4.283405333710951,-0.05020265325860597,-0.08678865659861175,-0.05020265325860597,1898,-1.0955075280347881,"[-0.7212675413378666, -2.0207085664737074, -1.5835137602826397, -0.38788276470403255]",1.8405442811397776e-05,5.926147739754306e-07,0.02135546168818492,True,REJECTED,negative OOS fold,,,,False
vixfix_z_66,capitulation,TikTok lead (validated as candidate),-0.0336050295396411,-4.283405333710951,-0.05020265325860597,-0.08678865659861175,-0.05020265325860597,1898,-1.0955075280347881,"[-0.7212675413378666, -2.0207085664737074, -1.5835137602826397, -0.38788276470403255]",1.8405442811397776e-05,5.926147739754306e-07,0.02135546168818492,True,REJECTED,negative OOS fold,,,,False
lowvol_10,volatility,Jansen ML4T,0.06784860753031469,8.443173375841411,0.08042633537499681,0.1090678974213808,0.08042633537499681,1954,-0.9526516860859723,"[-1.8554689728726275, 0.037844072138730596, -1.5955170929180067, -0.01770183638418818]",0.0,5.543904643690034e-07,0.02428472147421795,True,REJECTED,negative OOS fold,,,,False
kbar_body_1,kbar,Qlib Alpha158,-0.006375763030396172,-1.0278497689906183,-0.0026234969884250505,0.01653319694510277,-0.0026234969884250505,1963,-0.8252547416221674,"[0.06042038849559618, -2.424879797309521, -1.3506690294233354, -1.3948626562479278]",0.30402050100360345,4.0127934153311173e-07,0.021496771800448105,False,REJECTED,failed FDR,,,,False
kbar_upshadow_5,kbar,Qlib Alpha158,0.009828294421606928,1.7332586982705902,0.008482994384763779,0.01452471564954672,0.008482994384763779,1959,-1.0264745952264376,"[-0.22264726689954456, -1.030322482134901, -1.3695335558277555, -2.30351450274576]",0.08304969817798846,3.936408150551074e-07,0.018029797371314563,False,REJECTED,failed FDR,,,,False
amihud_21,volume,Jansen ML4T,0.04704251232375903,7.0123291120992075,0.06912507459489656,0.10069381257614132,0.06912507459489656,1943,-0.9391796602859682,"[-2.6591095422013558, -0.4842561615928948, -0.39856920789858785, 0.4886881473929609]",2.3439028495886305e-12,3.4735851350831126e-07,0.017672493323119685,True,REJECTED,negative OOS fold,,,,False
kbar_closepos_1,kbar,Qlib Alpha158,0.0010714353088891525,0.17655441761855206,0.00211194886136266,0.017561060177094242,0.00211194886136266,1963,-0.8139460669297583,"[-0.35021891972671926, -2.6760945036899306, -0.1309037431901738, -1.7450646236983764]",0.8598584009684169,3.267345715096681e-07,0.02128555964437961,False,REJECTED,failed FDR,,,,False
volz_21,volume,Qlib Alpha158,-0.036754437240317295,-6.18240107217642,-0.013331200579135732,0.014666181837962425,-0.013331200579135732,1943,-1.2653426001207093,"[0.40085557505726865, -2.078698558488283, -3.271982565197519, -1.5411644141581125]",6.313387590495267e-10,2.0429801372845446e-07,0.01902066078073989,True,REJECTED,negative OOS fold,,,,False
carry_30,carry,in-repo alphas.py,-0.014682802233073966,-2.6197767140647388,-0.020621513094486045,-0.04540199069488219,-0.020621513094486045,1934,-1.0314885337639597,"[-1.7846494828918955, -0.18409091475532027, -0.7601110637159838, -1.0314117895977322]",0.00879873564141942,1.5199982084102004e-07,0.017475491476566886,True,REJECTED,negative OOS fold,,,,False
ddown_126,drawdown,TikTok lead (validated as candidate),-0.022423599496891416,-2.891852165447903,-0.057423156140318184,-0.10905649725990135,-0.057423156140318184,1838,-1.228919418583054,"[-1.6898441420411725, -1.1388103787573844, -1.2991927812723278, -0.6525736253825356]",0.0038297810855123515,4.108582668527205e-08,0.019113551436090098,True,REJECTED,negative OOS fold,,,,False
ddown_252,drawdown,TikTok lead (validated as candidate),-0.0317530896339862,-3.763141396140581,-0.0693886356646497,-0.11821963161197645,-0.0693886356646497,1712,-1.3136895883057578,"[-1.968942352676467, -1.0597280328097924, -1.4741266723175304, -0.7251219866711573]",0.00016779226805829772,3.072357751543464e-08,0.017264133374886036,True,REJECTED,negative OOS fold,,,,False
ddown_63,drawdown,TikTok lead (validated as candidate),-0.013139651382090344,-1.7192594205097425,-0.03738238243681233,-0.07681416105556299,-0.03738238243681233,1901,-1.2631228482421577,"[-1.6141919852950113, -1.868849683521258, -0.7721818379023963, -0.7455972812100607]",0.0855671454099638,2.020984796180514e-08,0.02106461127553154,False,REJECTED,failed FDR,,,,False
skew_63,volatility,Jansen ML4T,0.02841640174852017,4.587478384708095,0.025449647053674567,0.031197779309536357,0.025449647053674567,1901,-1.2158379374923112,"[-2.358135565718749, -0.240882906282768, -1.2506879633297574, -0.38160843837685765]",4.486318611274243e-06,1.6411846104347205e-08,0.01738254739071111,True,REJECTED,negative OOS fold,,,,False
volratio_10_126,volatility,Financial-Models notebooks (concept-mined),0.01548389085382647,2.4139303414995603,0.003102325895955036,-0.004406215066730873,0.003102325895955036,1838,-1.2940998755987947,"[-0.8713077625333775, -0.9597901270816289, -1.6639313396912827, -1.620977350043237]",0.015781479169374002,6.365576843414544e-09,0.01728267704447167,True,REJECTED,negative OOS fold,,,,False
carry_trend_14,carry,in-repo alphas.py,-0.014540262553822726,-2.5827722304605296,-0.021687137821080896,0.00322996362033079,-0.021687137821080896,1943,-1.3991362764283066,"[-1.9245462541773175, -0.9324579113982753, -1.180925639417117, -1.3178553630808278]",0.009801000465119891,2.4427955214179065e-09,0.017591494325766,True,REJECTED,negative OOS fold,,,,False
volratio_10_63,volatility,Financial-Models notebooks (concept-mined),0.012831862961029823,2.0617490843576682,0.00043056400291151514,-0.009226143346684807,0.00043056400291151514,1901,-1.4966544536348567,"[-1.3815742366658197, -1.4489777316479449, -1.7365440767960376, -1.7772278697618396]",0.03923163080493586,6.339007097011518e-11,0.01871446940742213,True,REJECTED,negative OOS fold,,,,False
skew_21,volatility,Jansen ML4T,0.021329311732643942,3.5275229793558234,0.018418478714686295,0.029151928699339077,0.018418478714686295,1943,-1.658566822217575,"[-1.769942157136751, -2.5148442066340575, -2.0385111426562594, -0.6241122327301526]",0.00041946734956344045,9.488798635715057e-12,0.018664641834557377,True,REJECTED,negative OOS fold,,,,False
carry_7,carry,in-repo alphas.py,-0.02845899524027901,-5.134592108742187,-0.03963780264054648,-0.047349719666384474,-0.03963780264054648,1957,-1.7534551878763567,"[-2.290292813168004, -0.3823155914021422, -2.0063476941936145, -2.178210492912116]",2.827565888097183e-07,2.3929747072770624e-12,0.01852840123811969,True,REJECTED,negative OOS fold,,,,False
carry_csrank_7,carry,in-repo alphas.py,-0.02845899524027901,-5.134592108742187,-0.03963780264054648,-0.047349719666384474,-0.03963780264054648,1957,-1.7534551878763567,"[-2.290292813168004, -0.3823155914021422, -2.0063476941936145, -2.178210492912116]",2.827565888097183e-07,2.3929747072770624e-12,0.01852840123811969,True,REJECTED,negative OOS fold,,,,False
kbar_downshadow_5,kbar,Qlib Alpha158,0.012587480827323376,2.133971661925848,0.007844630889208119,0.004183573157867513,0.007844630889208119,1959,-1.9390724661870207,"[-2.952893591488551, -1.3322797427655906, -0.3315351576122266, -3.0571607376320844]",0.03284510058633572,5.465627950229646e-13,0.019249821375493054,True,REJECTED,negative OOS fold,,,,False
garchgap_63,volatility,Financial-Models notebooks (concept-mined),0.011255692948225744,1.8023745410713894,-0.0021616931924147943,-0.004326382555529243,-0.0021616931924147943,1901,-1.7979296054741838,"[-2.2339909606123998, -1.8326950020824022, -1.5549106950592237, -1.5916415423802308]",0.07148649793079676,4.640732242933154e-13,0.017967621914384432,True,REJECTED,negative OOS fold,,,,False
dowmean_90,seasonality,seasonality_scan.py idea,-0.02720097683249259,-4.380007048525947,-0.015874093272681817,-0.006387009753112855,-0.015874093272681817,1941,-1.7089436318661826,"[-0.8048878567649614, -3.251794501058806, -2.202473961851905, -2.951106633011474]",1.1867547014210444e-05,4.54081217071689e-14,0.02035022343730698,True,REJECTED,negative OOS fold,,,,False
volratio_21_63,volatility,Financial-Models notebooks (concept-mined),0.009058349747800742,1.458224322355888,-0.0017863160467441411,-0.0029853434405570515,-0.0017863160467441411,1901,-1.899472074482177,"[-2.506795342920769, -0.6912233189754885, -2.284335123596443, -1.6702045213066292]",0.1447787217621037,1.687538997430238e-14,0.018690773820523005,False,REJECTED,failed FDR,,,,False
rev_7,reversal,Qlib Alpha158,0.03043661559663248,4.3559788339489875,0.01994863261588662,-0.01339380627529177,0.01994863261588662,1956,-2.1119622583544184,"[-2.434481159474311, -2.7419399997621223, -2.1957884730562953, -1.4034368369836254]",1.3247357804058169e-05,1.609823385706477e-15,0.02201529818012509,True,REJECTED,negative OOS fold,,,,False
carry_3,carry,in-repo alphas.py,-0.03529407828752812,-6.311535851380995,-0.04304574182229268,-0.048011784785629806,-0.04304574182229268,1961,-1.631395739265949,"[-2.41608882860096, -0.9217070080279867, -0.4338755334921672, -2.9145615002422094]",2.762798878563899e-10,5.551115123125783e-16,0.01973012609545665,True,REJECTED,negative OOS fold,,,,False
base_carry_3,baseline,in-repo alphas.py,-0.03529407828752812,-6.311535851380995,-0.04304574182229268,-0.048011784785629806,-0.04304574182229268,1961,-1.631395739265949,"[-2.41608882860096, -0.9217070080279867, -0.4338755334921672, -2.9145615002422094]",2.762798878563899e-10,5.551115123125783e-16,0.01973012609545665,True,REJECTED,negative OOS fold,,,,False
kbar_downshadow_1,kbar,Qlib Alpha158,0.014050802642267582,2.3119354845265345,0.001558313092661891,0.00032875801273917675,0.001558313092661891,1963,-2.122257488877121,"[-2.2556328467147413, -2.869634858711996, -1.881814051997919, -2.85077683865336]",0.02078123888642658,0.0,0.02047756132856271,True,REJECTED,negative OOS fold,,,,False
dowmean_180,seasonality,seasonality_scan.py idea,-0.01900899277917356,-3.1352373209579447,-0.0190761320629511,-0.00432191640437071,-0.0190761320629511,1941,-2.416689230736831,"[-1.7827359833128706, -3.922836291295236, -2.0086916893849676, -4.269040720855245]",0.0017171513464093735,0.0,0.01944294082952298,True,REJECTED,negative OOS fold,,,,False
spread_kalman,pairs,Financial-Models notebooks (concept-mined),0.02768462676573437,4.22422956554151,0.017290688298943833,-0.014428934431345717,0.017290688298943833,1901,-2.474715597504395,"[-2.683670432594705, -2.452951623321508, -2.9845181912397525, -2.1536369777677273]",2.397595609404668e-05,0.0,0.02202668980671645,True,REJECTED,negative OOS fold,,,,False
rsi_dip_7,oscillator,in-repo alphas.py,0.03060630652531962,4.860661102588739,0.00914027191995729,-0.013097733505344418,0.00914027191995729,1962,-2.2726211592215373,"[-2.2288658580548897, -2.570084529520488, -2.9704466202172326, -1.8945160871736306]",1.16994389309788e-06,0.0,0.020750324351733743,True,REJECTED,negative OOS fold,,,,False
rsi_dip_14,oscillator,in-repo alphas.py,0.025284014269429826,3.9504132830644747,0.007883308393937602,-0.008835231084011973,0.007883308393937602,1962,-1.9519415779360376,"[-2.1457093530806093, -2.011188518538597, -2.704567643173331, -1.8775376351041815]",7.801636106608001e-05,0.0,0.021335641160678945,True,REJECTED,negative OOS fold,,,,False
stoch_28,oscillator,Jansen ML4T,0.0023616727162310384,0.362894042809875,-0.020162174291923282,-0.03352145536784377,-0.020162174291923282,1936,-2.7667994869118697,"[-3.0089414176324993, -2.9592378441263016, -3.116665062212171, -2.1950375515112204]",0.7166840369988634,0.0,0.019665685009533185,False,REJECTED,failed FDR,,,,False
